#tail	head	rank
P31785	P42229	14.742186
P31785	P51692	14.853232
P16871	P51692	15.608708
P16871	P42229	15.860642
P31785	P40763	15.948928
